{
  "parent": "block/block",
  "credit": "Made with Blockbench",
  "textures": {
    "alert": "tfc:block/alert",
    "0": "#bush",
    "particle": "#bush"
  },
  "elements": [
    {
      "from": [0, 2, 1],
      "to": [16, 14, 1],
      "rotation": {"angle": -45, "axis": "x", "origin": [8, 10, 8]},
			"faces": {
				"north": {"uv": [0, 0, 16, 14], "texture": "#0"},
				"south": {"uv": [16, 0, 0, 14], "texture": "#0"}
			}
		},
		{
			"from": [1, 2, 0],
			"to": [1, 14, 16],
			"rotation": {"angle": 45, "axis": "z", "origin": [8, 10, 8]},
			"faces": {
				"east": {"uv": [16, 0, 0, 14], "texture": "#0"},
				"west": {"uv": [0, 0, 16, 14], "texture": "#0"}
			}
		},
		{
			"from": [0, 7, 9],
			"to": [16, 7, 21],
			"rotation": {"angle": -45, "axis": "x", "origin": [8, 0, 17]},
			"faces": {
				"up": {"uv": [0, 0, 16, 14], "rotation": 180, "texture": "#0"},
				"down": {"uv": [16, 0, 0, 14], "texture": "#0"}
			}
		},
		{
			"from": [10, 7, 0],
			"to": [22, 7, 16],
			"rotation": {"angle": 45, "axis": "z", "origin": [18, 0, 8]},
			"faces": {
				"up": {"uv": [0, 0, 16, 14], "rotation": 90, "texture": "#0"},
				"down": {"uv": [16, 0, 0, 14], "rotation": 90, "texture": "#0"}
			}
		},
		{
			"from": [6, 0, -5],
			"to": [6, 10, 11],
			"rotation": {"angle": 45, "axis": "y", "origin": [13, 8, 3]},
			"faces": {
				"east": {"uv": [16, 0, 0, 10], "texture": "#0"},
				"west": {"uv": [0, 0, 16, 10], "texture": "#0"}
			}
		},
		{
			"from": [6, 0, 5],
			"to": [6, 10, 21],
			"rotation": {"angle": -45, "axis": "y", "origin": [13, 8, 13]},
			"faces": {
				"east": {"uv": [16, 0, 0, 10], "texture": "#0"},
				"west": {"uv": [0, 0, 16, 10], "texture": "#0"}
			}
		},
		{
			"name": "alert",
			"from": [7, 15, 7],
			"to": [9, 17, 9],
			"shade": false,
			"rotation": {"angle": 0, "axis": "y", "origin": [15, 23, 15]},
			"faces": {
				"north": {"uv": [2, 0, 4, 2], "texture": "#alert", "cullface": "up"},
				"east": {"uv": [2, 0, 4, 2], "texture": "#alert", "cullface": "up"},
				"south": {"uv": [2, 0, 4, 2], "texture": "#alert", "cullface": "up"},
				"west": {"uv": [2, 0, 4, 2], "texture": "#alert", "cullface": "up"},
				"up": {"uv": [2, 0, 4, 2], "texture": "#alert", "cullface": "up"},
				"down": {"uv": [2, 0, 4, 2], "texture": "#alert", "cullface": "up"}
			}
		},
		{
			"name": "alert",
			"from": [7, 18, 7],
			"to": [9, 23, 9],
			"shade": false,
			"rotation": {"angle": 0, "axis": "y", "origin": [15, 27, 15]},
			"faces": {
				"north": {"uv": [0, 0, 2, 5], "texture": "#alert", "cullface": "up"},
				"east": {"uv": [0, 0, 2, 5], "texture": "#alert", "cullface": "up"},
				"south": {"uv": [0, 0, 2, 5], "texture": "#alert", "cullface": "up"},
				"west": {"uv": [0, 0, 2, 5], "texture": "#alert", "cullface": "up"},
				"up": {"uv": [2, 0, 4, 2], "texture": "#alert", "cullface": "up"},
				"down": {"uv": [2, 0, 4, 2], "texture": "#alert", "cullface": "up"}
			}
		},
		{
			"name": "alert",
			"from": [7, 16.001, 7],
			"to": [9, 18.001, 9],
			"shade": false,
			"rotation": {"angle": 0, "axis": "y", "origin": [15, 24, 15]},
			"faces": {
				"north": {"uv": [6, 0, 8, 2], "texture": "#alert", "cullface": "up"},
				"east": {"uv": [6, 0, 8, 2], "texture": "#alert", "cullface": "up"},
				"south": {"uv": [6, 0, 8, 2], "texture": "#alert", "cullface": "up"},
				"west": {"uv": [6, 0, 8, 2], "texture": "#alert", "cullface": "up"},
				"up": {"uv": [6, 0, 8, 2], "texture": "#alert", "cullface": "up"},
				"down": {"uv": [6, 0, 8, 2], "texture": "#alert", "cullface": "up"}
			}
		},
		{
			"name": "alert",
			"from": [7, 19, 7],
			"to": [9, 24, 9],
			"shade": false,
			"rotation": {"angle": 0, "axis": "y", "origin": [15, 28, 15]},
			"faces": {
				"north": {"uv": [4, 0, 6, 5], "texture": "#alert", "cullface": "up"},
				"east": {"uv": [4, 0, 6, 5], "texture": "#alert", "cullface": "up"},
				"south": {"uv": [4, 0, 6, 5], "texture": "#alert", "cullface": "up"},
				"west": {"uv": [4, 0, 6, 5], "texture": "#alert", "cullface": "up"},
				"up": {"uv": [6, 0, 8, 2], "texture": "#alert", "cullface": "up"},
				"down": {"uv": [6, 0, 8, 2], "texture": "#alert", "cullface": "up"}
			}
		}
	]
}